Workbook
Name _: #REF!
Name __: [1]예가표!#REF!
Name ____________________________PB1: #REF!
Name ____________________________PB2: #REF!
Name ____________________________PB3: #REF!
Name ____________________________SUB1: #REF!
Name ____________________________SUB2: #REF!
Name ____________________________SUB3: #REF!
Name ___________________________PB1: #REF!
Name ___________________________PB2: #REF!
Name ___________________________PB3: #REF!
Name ___________________________SUB1: #REF!
Name ___________________________SUB2: #REF!
Name ___________________________SUB3: #REF!
Name __________________________a16385: #REF!
Name __________________________PB1: #REF!
Name __________________________PB2: #REF!
Name __________________________PB3: #REF!
Name __________________________SUB1: #REF!
Name __________________________SUB2: #REF!
Name __________________________SUB3: #REF!
Name __________________________sub4: #REF!
Name __________________________sub5: #REF!
Name _________________________PB1: #REF!
Name _________________________PB2: #REF!
Name _________________________PB3: #REF!
Name _________________________SUB1: #REF!
Name _________________________SUB2: #REF!
Name _________________________SUB3: #REF!
Name _________________________sub4: #REF!
Name _________________________sub5: #REF!
Name ________________________a16385: #REF!
Name ________________________PB1: #REF!
Name ________________________PB2: #REF!
Name ________________________PB3: #REF!
Name ________________________SUB1: #REF!
Name ________________________SUB2: #REF!
Name ________________________SUB3: #REF!
Name ________________________sub4: #REF!
Name ________________________sub5: #REF!
Name _______________________a16385: #REF!
Name _______________________PB1: #REF!
Name _______________________PB2: #REF!
Name _______________________PB3: #REF!
Name _______________________SUB1: #REF!
Name _______________________SUB2: #REF!
Name _______________________SUB3: #REF!
Name _______________________sub4: #REF!
Name _______________________sub5: #REF!
Name ______________________a16385: #REF!
Name ______________________PB1: #REF!
Name ______________________PB2: #REF!
Name ______________________PB3: #REF!
Name ______________________SUB1: #REF!
Name ______________________SUB2: #REF!
Name ______________________SUB3: #REF!
Name ______________________sub4: #REF!
Name ______________________sub5: #REF!
Name _____________________a16385: #REF!
Name _____________________PB1: #REF!

Sheet 매출추정요약
B2: 2026년도 매출계획
I3: (단위 : 백만)
A4: 구분 | B4: 현장명 | C4: 확정 | D4: 연간 | E4: 1분기 | F4: 2분기 | G4: 상반기 | H4: 3분기 | I4: 4분기 | J4: 하반기
A5: 건설 | B5: 대장동 공공도서관 신축공사 | C5: =D5 -> 2800.2787 | D5: =G5+J5 -> 2800.2787 | E5: =[145]매출추정!V18 -> 2422.1712 | F5: =[145]매출추정!W18 -> 378.10745 | G5: =E5+F5 -> 2800.2787 | H5: =[145]매출추정!Y18 -> 0 | I5: =[145]매출추정!Z18 -> 0 | J5: =H5+I5 -> 0
B6: 농림축산검역본부 개방공간 조성공사 | C6: =D6 -> 183.23747 | D6: =G6+J6 -> 183.23747 | E6: =[145]매출추정!V19 -> 183.23747 | F6: =[145]매출추정!W19 -> 0 | G6: =E6+F6 -> 183.23747 | H6: =[145]매출추정!Y19 -> 0 | I6: =[145]매출추정!Z19 -> 0 | J6: =H6+I6 -> 0
B7: 장호원고 12동 내진보강공사 | C7: =D7 -> 63.8983 | D7: =G7+J7 -> 63.8983 | E7: =[145]매출추정!V20 -> 63.8983 | F7: =[145]매출추정!W20 -> 0 | G7: =E7+F7 -> 63.8983 | H7: =[145]매출추정!Y20 -> 0 | I7: =[145]매출추정!Z20 -> 0 | J7: =H7+I7 -> 0
B8: 문산~도라산 고속도로 공사 | C8: =D8 -> 200 | D8: =G8+J8 -> 200 | E8: =[145]매출추정!V21 -> 0 | F8: =[145]매출추정!W21 -> 0 | G8: =E8+F8 -> 0 | H8: =[145]매출추정!Y21 -> 200 | I8: =[145]매출추정!Z21 -> 0 | J8: =H8+I8 -> 200
B9: 공공공사 (25년 4분기 수주예정) | D9: =G9+J9 -> 2300 | E9: =[145]매출추정!V22 -> 1080 | F9: =[145]매출추정!W22 -> 720 | G9: =E9+F9 -> 1800 | H9: =[145]매출추정!Y22 -> 280 | I9: =[145]매출추정!Z22 -> 220 | J9: =H9+I9 -> 500
B10: 공공공사 (26년 1분기 수주예정) | D10: =G10+J10 -> 1000 | E10: =[145]매출추정!V23 -> 440 | F10: =[145]매출추정!W23 -> 560 | G10: =E10+F10 -> 1000 | H10: =[145]매출추정!Y23 -> 0 | I10: =[145]매출추정!Z23 -> 0 | J10: =H10+I10 -> 0
B11: 공공공사 (26년 2분기 수주예정) | D11: =G11+J11 -> 1000 | E11: =[145]매출추정!V24 -> 0 | F11: =[145]매출추정!W24 -> 440 | G11: =E11+F11 -> 440 | H11: =[145]매출추정!Y24 -> 560 | I11: =[145]매출추정!Z24 -> 0 | J11: =H11+I11 -> 560
B12: 공공공사 (26년 3분기 수주예정) | D12: =G12+J12 -> 1213 | E12: =[145]매출추정!V25 -> 0 | F12: =[145]매출추정!W25 -> 0 | G12: =E12+F12 -> 0 | H12: =[145]매출추정!Y25 -> 293 | I12: =[145]매출추정!Z25 -> 920 | J12: =H12+I12 -> 1213
B13: 공공공사 (26년 4분기 수주예정) | D13: =G13+J13 -> 740 | E13: =[145]매출추정!V26 -> 0 | F13: =[145]매출추정!W26 -> 0 | G13: =E13+F13 -> 0 | H13: =[145]매출추정!Y26 -> 0 | I13: =[145]매출추정!Z26 -> 740 | J13: =H13+I13 -> 740
B14: 민간공사 (26년 수주예정) | D14: =G14+J14 -> 2500 | E14: =[145]매출추정!V27 -> 0 | F14: =[145]매출추정!W27 -> 500 | G14: =E14+F14 -> 500 | H14: =[145]매출추정!Y27 -> 1100 | I14: =[145]매출추정!Z27 -> 900 | J14: =H14+I14 -> 2000
B15: 소계 | C15: =SUM(C5:C14) -> 3247.4145 | D15: =SUM(D5:D14) -> 12000.414 | E15: =SUM(E5:E14) -> 4189.307 | F15: =SUM(F5:F14) -> 2598.1074 | G15: =SUM(G5:G14) -> 6787.4145 | H15: =SUM(H5:H14) -> 2433 | I15: =SUM(I5:I14) -> 2780 | J15: =SUM(J5:J14) -> 5213
A16: 환경 | B16: 21-남-해 쇄암리중본 오수처리시설 | C16: =D16 -> 23.825182 | D16: =G16+J16 -> 23.825182 | E16: =[145]매출추정!V5 -> 0 | F16: =[145]매출추정!W5 -> 0 | G16: =E16+F16 -> 0 | H16: =[145]매출추정!Y5 -> 0 | I16: =[145]매출추정!Z5 -> 23.825182 | J16: =H16+I16 -> 23.825182
B17: 화성태안3 B3BL 옥외기계설비공사 | C17: =D17 -> 272.5 | D17: =G17+J17 -> 272.5 | E17: =[145]매출추정!V6 -> 0 | F17: =[145]매출추정!W6 -> 272.5 | G17: =E17+F17 -> 272.5 | H17: =[145]매출추정!Y6 -> 0 | I17: =[145]매출추정!Z6 -> 0 | J17: =H17+I17 -> 0
B18: 공공입찰 01(26년 1분기 수주예정) | D18: =G18+J18 -> 750 | E18: =[145]매출추정!V7 -> 480 | F18: =[145]매출추정!W7 -> 270 | G18: =E18+F18 -> 750 | H18: =[145]매출추정!Y7 -> 0 | I18: =[145]매출추정!Z7 -> 0 | J18: =H18+I18 -> 0
B19: 공공입찰 02(26년 2분기 수주예정) | D19: =G19+J19 -> 1600 | E19: =[145]매출추정!V8 -> 0 | F19: =[145]매출추정!W8 -> 440 | G19: =E19+F19 -> 440 | H19: =[145]매출추정!Y8 -> 560 | I19: =[145]매출추정!Z8 -> 600 | J19: =H19+I19 -> 1160
B20: 공공입찰 03(26년 3분기 수주예정) | D20: =G20+J20 -> 500 | E20: =[145]매출추정!V9 -> 0 | F20: =[145]매출추정!W9 -> 0 | G20: =E20+F20 -> 0 | H20: =[145]매출추정!Y9 -> 225 | I20: =[145]매출추정!Z9 -> 275 | J20: =H20+I20 -> 500
B21: 공공입찰 04(26년 4분기 수주예정) | D21: =G21+J21 -> 579.11313 | E21: =[145]매출추정!V10 -> 0 | F21: =[145]매출추정!W10 -> 0 | G21: =E21+F21 -> 0 | H21: =[145]매출추정!Y10 -> 90 | I21: =[145]매출추정!Z10 -> 489.11313 | J21: =H21+I21 -> 579.11313
B22: 소계 | C22: =SUM(C16:C21) -> 296.32518 | D22: =SUM(D16:D21) -> 3725.4383 | E22: =SUM(E16:E21) -> 480 | F22: =SUM(F16:F21) -> 982.5 | G22: =SUM(G16:G21) -> 1462.5 | H22: =SUM(H16:H21) -> 875 | I22: =SUM(I16:I21) -> 1387.9383 | J22: =SUM(J16:J21) -> 2262.9383
B23: 김천가축분뇨 자원화시설 민간위탁운영 | C23: =D23 -> 378 | D23: =G23+J23 -> 378 | E23: =[145]매출추정!V13 -> 94.5 | F23: =[145]매출추정!W13 -> 94.5 | G23: =E23+F23 -> 189 | H23: =[145]매출추정!Y13 -> 94.5 | I23: =[145]매출추정!Z13 -> 94.5 | J23: =H23+I23 -> 189
B24: 소계 | C24: =SUM(C23:C23) -> 378 | D24: =SUM(D23:D23) -> 378 | E24: =SUM(E23:E23) -> 94.5 | F24: =SUM(F23:F23) -> 94.5 | G24: =SUM(G23:G23) -> 189 | H24: =SUM(H23:H23) -> 94.5 | I24: =SUM(I23:I23) -> 94.5 | J24: =SUM(J23:J23) -> 189
A25: 기타
B26: 합게 | C26: =C22+C24+C15+C25 -> 3921.7396 | D26: =D22+D24+D15+D25 -> 16103.853 | E26: =E22+E24+E15+E25 -> 4763.807 | F26: =F22+F24+F15+F25 -> 3675.1074 | G26: =G22+G24+G15+G25 -> 8438.9145 | H26: =H22+H24+H15+H25 -> 3402.5 | I26: =I22+I24+I15+I25 -> 4262.4383 | J26: =J22+J24+J15+J25 -> 7664.9383
